INSERT INTO USERS (ID, LOGIN, PASSWORD, ROLE) VALUES (0, 'admin', 'pass', 'ADMIN');
INSERT INTO USERS (ID, LOGIN, PASSWORD, ROLE) VALUES (1, 'Vadzim', 'pass', 'STAFF');

INSERT INTO BANKS (ID, AMOUNT, TITLE) VALUES (99999, 12000000, 'ADMIN BANK');
INSERT INTO CUSTOMERS (ID, DATE_OF_BIRTH, NAME, SURNAME, PHONE_NUMBER, PASSWORD) VALUES (99999, '2000-02-20', 'ADMIN', 'ADMIN', '1 23 1234567', 'pass');
INSERT INTO BANK_ACCOUNTS (ID, AMOUNT, CURRENCY, IBAN, TITLE, TYPE, BANK_ID, CUSTOMER_ID) VALUES (99999, 12000000, 'USD', 'US23AA1234567', 'ADMIN ADMIN', 'DEBIT', 99999, 99999);
INSERT INTO BANK_CARDS (ID, CVS, EXPIRATION_DATE, NUMBER, BANK_ACCOUNT_ID) VALUES (99999, '111', '2111-11-11', '1234567890987654', 99999);
UPDATE BANK_ACCOUNTS SET BANK_CARD_ID = 99999 WHERE ID = 99999;
-- INSERT INTO BANK_PAYMENTS (ID, AMOUNT, CURRENCY, RECIPIENT_BANK_ACCOUNT_ID, BANK_ACCOUNT_ID) VALUES (0, 12000000, 'USD', 99999, 99999);

-- BELARUS
INSERT INTO BANKS (ID, AMOUNT, TITLE) VALUES (0, 1500000, 'CJSC ALFA-BANK');
-- SWEDEN
INSERT INTO BANKS (ID, AMOUNT, TITLE) VALUES (1, 1234567, 'BNP PARIBAS OSLO BRANCH');
-- USA
INSERT INTO BANKS (ID, AMOUNT, TITLE) VALUES (2, 999999999, 'WESTERN BANK OF LAS CRUCES');

INSERT INTO CUSTOMERS (ID, DATE_OF_BIRTH, NAME, SURNAME, PHONE_NUMBER, PASSWORD) VALUES (0, '2000-05-25', 'VADZIM', 'MATSIUSHONAK', '375 44 1452003', 'pass');
INSERT INTO CUSTOMERS (ID, DATE_OF_BIRTH, NAME, SURNAME, PHONE_NUMBER, PASSWORD) VALUES (1, '1988-12-17', 'Walter', 'Rodriguez', '46 0739 5066448', 'pass');
INSERT INTO CUSTOMERS (ID, DATE_OF_BIRTH, NAME, SURNAME, PHONE_NUMBER, PASSWORD) VALUES (2, '1982-11-24', 'Bradley', 'Cameron', '1 773 8009725', 'pass');

INSERT INTO BANK_ACCOUNTS (ID, AMOUNT, CURRENCY, IBAN, TITLE, TYPE, BANK_ID, CUSTOMER_ID) VALUES (0, 150000, 'BLR', 'BY44VM1452003', 'VADZIM MATSIUSHONAK', 'DEBIT', 0, 0);
INSERT INTO BANK_ACCOUNTS (ID, AMOUNT, CURRENCY, IBAN, TITLE, TYPE, BANK_ID, CUSTOMER_ID) VALUES (1, 4136.6, 'EUR', 'SE0739WR5066448', 'Walter Rodriguez', 'DEBIT', 1, 1);
INSERT INTO BANK_ACCOUNTS (ID, AMOUNT, CURRENCY, IBAN, TITLE, TYPE, BANK_ID, CUSTOMER_ID) VALUES (2, 137474.91, 'USD', 'US773BC8009725', 'Bradley Cameron', 'DEBIT', 2, 2);

-- 1234 VISA CJSC ALFA-BANK
INSERT INTO BANK_CARDS (ID, CVS, EXPIRATION_DATE, NUMBER, BANK_ACCOUNT_ID) VALUES (0, '123', '2026-10-01', '4585227889907279', 0);
UPDATE BANK_ACCOUNTS SET BANK_CARD_ID = 0 WHERE ID = 0;
-- 4192 VISA BNP PARIBAS OSLO BRANCH
INSERT INTO BANK_CARDS (ID, CVS, EXPIRATION_DATE, NUMBER, BANK_ACCOUNT_ID) VALUES (1, '620', '2023-06-01', '4253453975037505', 1);
UPDATE BANK_ACCOUNTS SET BANK_CARD_ID = 1 WHERE ID = 1;
-- 6330 MASTERCARD WESTERN BANK OF LAS CRUCES
INSERT INTO BANK_CARDS (ID, CVS, EXPIRATION_DATE, NUMBER, BANK_ACCOUNT_ID) VALUES (2, '255', '2028-11-01', '5445896103585199', 2);
UPDATE BANK_ACCOUNTS SET BANK_CARD_ID = 2 WHERE ID = 2;

INSERT INTO BANK_PAYMENTS (ID, AMOUNT, CURRENCY, RECIPIENT_BANK_ACCOUNT_ID, BANK_ACCOUNT_ID) VALUES (1, -150000, 'BLR', 0, 99999);
INSERT INTO BANK_PAYMENTS (ID, AMOUNT, CURRENCY, RECIPIENT_BANK_ACCOUNT_ID, BANK_ACCOUNT_ID) VALUES (2, -4136.6, 'EUR', 1, 99999);
INSERT INTO BANK_PAYMENTS (ID, AMOUNT, CURRENCY, RECIPIENT_BANK_ACCOUNT_ID, BANK_ACCOUNT_ID) VALUES (3, -137474.91, 'USD', 2, 99999);

